INSERT INTO `cybermind`.`user` (`id`, `username`, `password`, `enabled`)
    VALUES ('1', 'user1', '$2a$10$JJdewR3oK93pdv0fGmazGOWsAZlJhWoVTTt.VmPtmFWOLxMa27.Q6', '1');

INSERT INTO `cybermind`.`user` (`id`, `username`, `password`, `enabled`)
    VALUES ('2', 'user2', '$2a$10$JJdewR3oK93pdv0fGmazGOWsAZlJhWoVTTt.VmPtmFWOLxMa27.Q6', '1');

INSERT INTO `cybermind`.`user` (`id`, `username`, `password`, `enabled`)
    VALUES ('3', 'user3', '$2a$10$JJdewR3oK93pdv0fGmazGOWsAZlJhWoVTTt.VmPtmFWOLxMa27.Q6', '1');

INSERT INTO `cybermind`.`user` (`id`, `username`, `password`, `enabled`)
    VALUES ('4', 'admin', '$2a$10$JJdewR3oK93pdv0fGmazGOWsAZlJhWoVTTt.VmPtmFWOLxMa27.Q6', '1');

INSERT INTO `cybermind`.`role` (`id`, `name`) VALUES ('1', 'ROLE_USER');
INSERT INTO `cybermind`.`role` (`id`, `name`) VALUES ('2', 'ROLE_ADMIN');

INSERT INTO `cybermind`.`users_roles` (`role_id`, `user_id`) VALUES ('1', '1');
INSERT INTO `cybermind`.`users_roles` (`role_id`, `user_id`) VALUES ('1', '2');
INSERT INTO `cybermind`.`users_roles` (`role_id`, `user_id`) VALUES ('1', '3');

INSERT INTO `cybermind`.`users_roles` (`role_id`, `user_id`) VALUES ('1', '4');
INSERT INTO `cybermind`.`users_roles` (`role_id`, `user_id`) VALUES ('2', '4');

INSERT INTO `cybermind`.`task` (`id`, `name`, `description`, `level`) VALUES ('1', 'Riceboard', '<h1>Riceboard</h1> <p>In th eSOLAR Laboratory,the Reply Social Lab,students and Replyers like stop lay table games while</p>', '3');
INSERT INTO `cybermind`.`task` (`id`, `name`, `description`, `level`) VALUES ('2', 'Scoreboard', 'There  are  five  problerris,  each  one  requiresto  solve  five different  inputs  of  increasing  score (100,  200,  300,  400  and  500  respectively  for  inputs  one,  two,three,  four  and five).  The  points  for  a specific problem and input will be assigned once perteam.', '2');
INSERT INTO `cybermind`.`task` (`id`, `name`, `description`, `level`) VALUES ('3', 'Small business', 'A little girl Yulia firmly decided to open her own toy store in the yard. She decided to sell two types of goods: Teddy bears and bunnies. As you know, in any self-respecting store there are price tags. But Yulia, although she is taking her first steps in business, has not yet learned to write. Then she decided to create price tags from the available number of cubes with numbers, using all to the last, so that none was lost. Yulia is very kind, so she decided thatboth prices should form a minimum pair, should not be more than 1018, and may even be equal to zero. However, the concept of leading zeros is repugnant to Yulia, so they should not be on the price tags. Lets support small businesses and help them preparetwo price tags from the available cubes.', '3');
INSERT INTO `cybermind`.`task` (`id`, `name`, `description`, `level`) VALUES ('4', 'Cloud server', 'Running an online contest uses  a  lot  of  hardware   resources,   so  for  the  day   of  the  Reply  Code  Challenge we decide to rent some servers from our trusted provider AWesome Servers (AWSTM).', '2');
INSERT INTO `cybermind`.`task` (`id`, `name`, `description`, `level`) VALUES ('5', 'Items in boxes', 'You have 2ndifferent boxes, each containing adifferent item. Find the number of ways to take exactly one item from each box modulo 2n+2. In other words, if the desired number of ways is x, output the remainder of dividing xby 2n+2.', '2');
INSERT INTO `cybermind`.`task` (`id`, `name`, `description`, `level`) VALUES ('6', 'Quantum teleportation', 'A new team of engineers in Reply is working on a particular kind of quantum computer and wants you to help them!', '1');
INSERT INTO `cybermind`.`task` (`id`, `name`, `description`, `level`) VALUES ('7', 'Riceboard', 'In th eSOLAR Laboratory,the Reply Social Lab,students and Replyers like stop lay table games while', '1');
INSERT INTO `cybermind`.`task` (`id`, `name`, `description`, `level`) VALUES ('8', 'Scoreboard', 'There  are  five  problerris,  each  one  requiresto  solve  five different  inputs  of  increasing  score (100,  200,  300,  400  and  500  respectively  for  inputs  one,  two,three,  four  and five).  The  points  for  a specific problem and input will be assigned once perteam.', '2');
INSERT INTO `cybermind`.`task` (`id`, `name`, `description`, `level`) VALUES ('9', 'Small business', 'A little girl Yulia firmly decided to open her own toy store in the yard. She decided to sell two types of goods: Teddy bears and bunnies. As you know, in any self-respecting store there are price tags. But Yulia, although she is taking her first steps in business, has not yet learned to write. Then she decided to create price tags from the available number of cubes with numbers, using all to the last, so that none was lost. Yulia is very kind, so she decided thatboth prices should form a minimum pair, should not be more than 1018, and may even be equal to zero. However, the concept of leading zeros is repugnant to Yulia, so they should not be on the price tags. Lets support small businesses and help them preparetwo price tags from the available cubes.', '3');
INSERT INTO `cybermind`.`task` (`id`, `name`, `description`, `level`) VALUES ('10', 'Cloud server', 'Running an online contest uses  a  lot  of  hardware   resources,   so  for  the  day   of  the  Reply  Code  Challenge we decide to rent some servers from our trusted provider AWesome Servers (AWSTM).', '3');
INSERT INTO `cybermind`.`task` (`id`, `name`, `description`, `level`) VALUES ('11', 'Items in boxes', 'You have 2ndifferent boxes, each containing adifferent item. Find the number of ways to take exactly one item from each box modulo 2n+2. In other words, if the desired number of ways is x, output the remainder of dividing xby 2n+2.', '2');
INSERT INTO `cybermind`.`task` (`id`, `name`, `description`, `level`) VALUES ('12', 'Quantum teleportation', 'A new team of engineers in Reply is working on a particular kind of quantum computer and wants you to help them!', '1');
INSERT INTO `cybermind`.`task` (`id`, `name`, `description`, `level`) VALUES ('13', 'Riceboard', 'In th eSOLAR Laboratory,the Reply Social Lab,students and Replyers like stop lay table games while', '2');
INSERT INTO `cybermind`.`task` (`id`, `name`, `description`, `level`) VALUES ('14', 'Scoreboard', 'There  are  five  problerris,  each  one  requiresto  solve  five different  inputs  of  increasing  score (100,  200,  300,  400  and  500  respectively  for  inputs  one,  two,three,  four  and five).  The  points  for  a specific problem and input will be assigned once perteam.', '2');
INSERT INTO `cybermind`.`task` (`id`, `name`, `description`, `level`) VALUES ('15', 'Small business', 'A little girl Yulia firmly decided to open her own toy store in the yard. She decided to sell two types of goods: Teddy bears and bunnies. As you know, in any self-respecting store there are price tags. But Yulia, although she is taking her first steps in business, has not yet learned to write. Then she decided to create price tags from the available number of cubes with numbers, using all to the last, so that none was lost. Yulia is very kind, so she decided thatboth prices should form a minimum pair, should not be more than 1018, and may even be equal to zero. However, the concept of leading zeros is repugnant to Yulia, so they should not be on the price tags. Lets support small businesses and help them preparetwo price tags from the available cubes.', '3');
INSERT INTO `cybermind`.`task` (`id`, `name`, `description`, `level`) VALUES ('16', 'Cloud server', 'Running an online contest uses  a  lot  of  hardware   resources,   so  for  the  day   of  the  Reply  Code  Challenge we decide to rent some servers from our trusted provider AWesome Servers (AWSTM).', '3');
INSERT INTO `cybermind`.`task` (`id`, `name`, `description`, `level`) VALUES ('17', 'Items in boxes', 'You have 2ndifferent boxes, each containing adifferent item. Find the number of ways to take exactly one item from each box modulo 2n+2. In other words, if the desired number of ways is x, output the remainder of dividing xby 2n+2.', '2');
INSERT INTO `cybermind`.`task` (`id`, `name`, `description`, `level`) VALUES ('18', 'Quantum teleportation', 'A new team of engineers in Reply is working on a particular kind of quantum computer and wants you to help them!', '1');
INSERT INTO `cybermind`.`task` (`id`, `name`, `description`, `level`) VALUES ('19', 'Riceboard', 'In th eSOLAR Laboratory,the Reply Social Lab,students and Replyers like stop lay table games while', '3');
INSERT INTO `cybermind`.`task` (`id`, `name`, `description`, `level`) VALUES ('20', 'Scoreboard', 'There  are  five  problerris,  each  one  requiresto  solve  five different  inputs  of  increasing  score (100,  200,  300,  400  and  500  respectively  for  inputs  one,  two,three,  four  and five).  The  points  for  a specific problem and input will be assigned once perteam.', '2');
INSERT INTO `cybermind`.`task` (`id`, `name`, `description`, `level`) VALUES ('21', 'Small business', 'A little girl Yulia firmly decided to open her own toy store in the yard. She decided to sell two types of goods: Teddy bears and bunnies. As you know, in any self-respecting store there are price tags. But Yulia, although she is taking her first steps in business, has not yet learned to write. Then she decided to create price tags from the available number of cubes with numbers, using all to the last, so that none was lost. Yulia is very kind, so she decided thatboth prices should form a minimum pair, should not be more than 1018, and may even be equal to zero. However, the concept of leading zeros is repugnant to Yulia, so they should not be on the price tags. Lets support small businesses and help them preparetwo price tags from the available cubes.', '3');
INSERT INTO `cybermind`.`task` (`id`, `name`, `description`, `level`) VALUES ('22', 'Cloud server', 'Running an online contest uses  a  lot  of  hardware   resources,   so  for  the  day   of  the  Reply  Code  Challenge we decide to rent some servers from our trusted provider AWesome Servers (AWSTM).', '3');
INSERT INTO `cybermind`.`task` (`id`, `name`, `description`, `level`) VALUES ('23', 'Items in boxes', 'You have 2ndifferent boxes, each containing adifferent item. Find the number of ways to take exactly one item from each box modulo 2n+2. In other words, if the desired number of ways is x, output the remainder of dividing xby 2n+2.', '2');
INSERT INTO `cybermind`.`task` (`id`, `name`, `description`, `level`) VALUES ('24', 'Quantum teleportation', 'A new team of engineers in Reply is working on a particular kind of quantum computer and wants you to help them!', '1');
INSERT INTO `cybermind`.`task` (`id`, `name`, `description`, `level`) VALUES ('25', 'Riceboard', 'In th eSOLAR Laboratory,the Reply Social Lab,students and Replyers like stop lay table games while', '2');
INSERT INTO `cybermind`.`task` (`id`, `name`, `description`, `level`) VALUES ('26', 'Scoreboard', 'There  are  five  problerris,  each  one  requiresto  solve  five different  inputs  of  increasing  score (100,  200,  300,  400  and  500  respectively  for  inputs  one,  two,three,  four  and five).  The  points  for  a specific problem and input will be assigned once perteam.', '2');
INSERT INTO `cybermind`.`task` (`id`, `name`, `description`, `level`) VALUES ('27', 'Small business', 'A little girl Yulia firmly decided to open her own toy store in the yard. She decided to sell two types of goods: Teddy bears and bunnies. As you know, in any self-respecting store there are price tags. But Yulia, although she is taking her first steps in business, has not yet learned to write. Then she decided to create price tags from the available number of cubes with numbers, using all to the last, so that none was lost. Yulia is very kind, so she decided thatboth prices should form a minimum pair, should not be more than 1018, and may even be equal to zero. However, the concept of leading zeros is repugnant to Yulia, so they should not be on the price tags. Lets support small businesses and help them preparetwo price tags from the available cubes.', '3');
INSERT INTO `cybermind`.`task` (`id`, `name`, `description`, `level`) VALUES ('28', 'Cloud server', 'Running an online contest uses  a  lot  of  hardware   resources,   so  for  the  day   of  the  Reply  Code  Challenge we decide to rent some servers from our trusted provider AWesome Servers (AWSTM).', '3');
INSERT INTO `cybermind`.`task` (`id`, `name`, `description`, `level`) VALUES ('29', 'Items in boxes', 'You have 2ndifferent boxes, each containing adifferent item. Find the number of ways to take exactly one item from each box modulo 2n+2. In other words, if the desired number of ways is x, output the remainder of dividing xby 2n+2.', '2');
INSERT INTO `cybermind`.`task` (`id`, `name`, `description`, `level`) VALUES ('30', 'Quantum teleportation', 'A new team of engineers in Reply is working on a particular kind of quantum computer and wants you to help them!', '1');
INSERT INTO `cybermind`.`task` (`id`, `name`, `description`, `level`) VALUES ('31', 'Riceboard', 'In th eSOLAR Laboratory,the Reply Social Lab,students and Replyers like stop lay table games while', '1');
INSERT INTO `cybermind`.`task` (`id`, `name`, `description`, `level`) VALUES ('32', 'Scoreboard', 'There  are  five  problerris,  each  one  requiresto  solve  five different  inputs  of  increasing  score (100,  200,  300,  400  and  500  respectively  for  inputs  one,  two,three,  four  and five).  The  points  for  a specific problem and input will be assigned once perteam.', '2');
INSERT INTO `cybermind`.`task` (`id`, `name`, `description`, `level`) VALUES ('33', 'Small business', 'A little girl Yulia firmly decided to open her own toy store in the yard. She decided to sell two types of goods: Teddy bears and bunnies. As you know, in any self-respecting store there are price tags. But Yulia, although she is taking her first steps in business, has not yet learned to write. Then she decided to create price tags from the available number of cubes with numbers, using all to the last, so that none was lost. Yulia is very kind, so she decided thatboth prices should form a minimum pair, should not be more than 1018, and may even be equal to zero. However, the concept of leading zeros is repugnant to Yulia, so they should not be on the price tags. Lets support small businesses and help them preparetwo price tags from the available cubes.', '1');
INSERT INTO `cybermind`.`task` (`id`, `name`, `description`, `level`) VALUES ('34', 'Cloud server', 'Running an online contest uses  a  lot  of  hardware   resources,   so  for  the  day   of  the  Reply  Code  Challenge we decide to rent some servers from our trusted provider AWesome Servers (AWSTM).', '3');
INSERT INTO `cybermind`.`task` (`id`, `name`, `description`, `level`) VALUES ('35', 'Items in boxes', 'You have 2ndifferent boxes, each containing adifferent item. Find the number of ways to take exactly one item from each box modulo 2n+2. In other words, if the desired number of ways is x, output the remainder of dividing xby 2n+2.', '2');
INSERT INTO `cybermind`.`task` (`id`, `name`, `description`, `level`) VALUES ('36', 'Quantum teleportation', 'A new team of engineers in Reply is working on a particular kind of quantum computer and wants you to help them!', '2');


INSERT INTO `cybermind`.`solved_tasks` (`user_id`, `task_id`, `is_solved`) VALUES ('1', '1', '1');
INSERT INTO `cybermind`.`solved_tasks` (`user_id`, `task_id`, `is_solved`) VALUES ('1', '2', '0');
INSERT INTO `cybermind`.`solved_tasks` (`user_id`, `task_id`, `is_solved`) VALUES ('1', '3', '0');
INSERT INTO `cybermind`.`solved_tasks` (`user_id`, `task_id`, `is_solved`) VALUES ('1', '4', '1');
INSERT INTO `cybermind`.`solved_tasks` (`user_id`, `task_id`, `is_solved`) VALUES ('1', '5', '1');


INSERT INTO `cybermind`.`solved_tasks` (`user_id`, `task_id`, `is_solved`) VALUES ('2', '1', '0');


INSERT INTO `cybermind`.`learn` (`id`, `name`) VALUES ('1', 'Java basics');
INSERT INTO `cybermind`.`learn` (`id`, `name`) VALUES ('2', 'Thread in Java');


INSERT INTO `cybermind`.`chapter` (`id`, `learn_id`, `name`, `text`) VALUES ('1', '1', 'Arrays', '<p>Большая часть методов работы с массивами определена в специальном классе  Arrays пакета java.util. Ряд методов определены в классах java.lang.Object и java.lang.System.</p><p>На практике наиболее часто в основном используются  методы  класса java.util.Arrays, а также несколько методов классов java.lang.Object  и java.lang.System. Указанные методы представлены ниже.</p><p>Методы перегружены для всех примитивных типов</p>');
INSERT INTO `cybermind`.`chapter` (`id`, `learn_id`, `name`, `text`) VALUES ('2', '1', 'Class', '<p>Java является объектно-ориентированным языком, поэтому такие понятия как \"класс\" и \"объект\" играют в нем ключевую роль. Любую программу на Java можно представить как набор взаимодействующих между собой объектов.');
INSERT INTO `cybermind`.`chapter` (`id`, `learn_id`, `name`, `text`) VALUES ('3', '1', 'String', '<p>Choose one of the suggested topics and you can explore it. </p>');
INSERT INTO `cybermind`.`chapter` (`id`, `learn_id`, `name`, `text`) VALUES ('4', '2', 'What is Process', 'Процесс — это совокупность кода и данных, разделяющих общее виртуальное адресное пространство. Чаще всего одна программа состоит из одного процесса, но бывают и исключения (например, браузер Chrome создает отдельный процесс для каждой вкладки, что дает ему некоторые преимущества, вроде независимости вкладок друг от друга). Процессы изолированы друг от друга, поэтому прямой доступ к памяти чужого процесса невозможен (взаимодействие между процессами осуществляется с помощью специальных средств). При запуске программы операционная система создает процесс, загружая в его адресное пространство код и данные программы, а затем запускает главный поток созданного процесса.');
INSERT INTO `cybermind`.`chapter` (`id`, `learn_id`, `name`, `text`) VALUES ('5', '2', 'Thread is ...', 'Один поток – это одна единица исполнения кода. Каждый поток последовательно выполняет инструкции процесса, которому он принадлежит, параллельно с другими потоками этого процесса.');